record_id	kind	book	chapter	verse	halfverse	scroll	scroll_node	fragment	line	line_node	intl	language	script	file	byte_offset	byte_length	word_nodes	word_count	standalone_sign_count	sha256	linguistics_file	linguistics_byte_offset	linguistics_byte_length	linguistics_sha256	letter_reconstruction	sign_slots	letter_slots	reconstructed_letter_slots	uncertain_letter_slots	unmarked_letter_slots	reconstructed_sign_slots	uncertain_sign_slots	missing_sign_slots	empty_sign_slots	vacat_sign_slots	corrected_sign_slots	removed_sign_slots	alternative_sign_slots
L1597055-R001	unmapped_biblical	4Q48	f6i	1		4Q48	1606700	f6i	1	1597055				other_material/DSS-Unmapped-Biblical-01.txt	1441595	1816	1996234-1996235	2	1	91ff017822200b144bd4b7b5b470fb643d7a921c877d1f6ce34698542c6a7e0e	linguistics/other_material/DSS-Unmapped-Biblical-01-Linguistics.txt	1344282	1169	776f14642e9dca68580169ff50c2dc5a1f4c10a38a0a9f92376f35f38bbe8a5a	NO_LETTER_SLOTS	6	0	0	0	0	3	3	1	2	0	0	0	0
L1597056-R001	unmapped_biblical	4Q48	f6i	2		4Q48	1606700	f6i	2	1597056				other_material/DSS-Unmapped-Biblical-01.txt	1443411	1812	1996236-1996237	2	1	70830f3efc31b18ba057a2f72284e7c9d011523e6ab369094ee2bbb8b3a910b9	linguistics/other_material/DSS-Unmapped-Biblical-01-Linguistics.txt	1345451	1151	8e5e841f6b4be4b0e520e4200678fafe1ece036423b816289ab87c59db5ac38b	NO_LETTER_RECONSTRUCTION_MARKED	4	1	0	0	1	2	1	1	1	0	0	0	0
L1597057-R001	unmapped_biblical	4Q48	f6i	3		4Q48	1606700	f6i	3	1597057				other_material/DSS-Unmapped-Biblical-01.txt	1445223	1782	1996238-1996239	2	1	b422db60a500041ae5e92be2b2433f9019057fed0e47bcc15732bd8bd34ee386	linguistics/other_material/DSS-Unmapped-Biblical-01-Linguistics.txt	1346602	1157	5468f95dde2c0884be1fc4179d9ac48f09a83ae22681ba55ce685fd3ab19f643	NO_LETTER_SLOTS	4	0	0	0	0	3	1	1	2	0	0	0	0
L1597058-R001	unmapped_biblical	4Q48	f6i	4		4Q48	1606700	f6i	4	1597058				other_material/DSS-Unmapped-Biblical-01.txt	1447005	1803	1996240-1996241	2	1	0f79aa91f311fa94a042e51f119c236600ddc7bccd4624d3da52698b72c36ef0	linguistics/other_material/DSS-Unmapped-Biblical-01-Linguistics.txt	1347759	1165	f5c69a9ec5c0adc2aa14eeb73e8ba8111ffa91adfec556b80d37f9f23ff671b3	NO_LETTER_SLOTS	5	0	0	0	0	3	2	1	2	0	0	0	0
L1597059-R001	unmapped_biblical	4Q48	f6i	5		4Q48	1606700	f6i	5	1597059				other_material/DSS-Unmapped-Biblical-01.txt	1448808	1944	1996242-1996244	3	1	0e7756602356ce9c85bd49f6d54c129d3473df5d004b656e29f90a7fbe3a8ecb	linguistics/other_material/DSS-Unmapped-Biblical-01-Linguistics.txt	1348924	1500	1ff0acdd643ebea15af45323ecff5f0d4a223cf4ddaf55c49efcb4ff030a2714	NO_LETTER_SLOTS	6	0	0	0	0	3	1	1	3	0	0	0	0
L1597060-R001	unmapped_biblical	4Q48	f6ii	1		4Q48	1606700	f6ii	1	1597060				other_material/DSS-Unmapped-Biblical-01.txt	1450752	1855	1996245-1996246	2	1	5af9806c101870d995677682b8c0c1a34b8259d1f59e2b1547b13f411ca8a06a	linguistics/other_material/DSS-Unmapped-Biblical-01-Linguistics.txt	1350424	1193	6c9808e81b1661bd87abc1c290349a9178a54698cc0f5c6c1088b4efaa701608	NO_LETTER_RECONSTRUCTION_MARKED	5	3	0	2	1	2	2	1	1	0	0	0	0
L1597061-R001	unmapped_biblical	4Q48	f6ii	2		4Q48	1606700	f6ii	2	1597061				other_material/DSS-Unmapped-Biblical-01.txt	1452607	1834	1996247-1996248	2	1	0fe2b69531fe6a19ed5ca05a616513305272ab3a259fdf6cb4649381551ce2ea	linguistics/other_material/DSS-Unmapped-Biblical-01-Linguistics.txt	1351617	1147	6119a8ff1a1bba16549abf6ed8f8164c1d0bf07f4ad63b893652ebc486d20ed9	NO_LETTER_RECONSTRUCTION_MARKED	4	1	0	1	0	2	2	1	1	0	0	0	0
L1597062-R001	unmapped_biblical	4Q48	f6ii	3		4Q48	1606700	f6ii	3	1597062				other_material/DSS-Unmapped-Biblical-01.txt	1454441	1799	1996249-1996250	2	1	7aab8bfdf4e5014a98b9a444a34d863c1a00176239f122e1ea6a11ce9a7a8b1c	linguistics/other_material/DSS-Unmapped-Biblical-01-Linguistics.txt	1352764	1154	c76f4670a0e0e27554c06cdd3e7658d434f186f20e95580b1f18d94166423b70	NO_LETTER_SLOTS	5	0	0	0	0	2	2	1	2	0	0	0	0
L1597063-R001	unmapped_biblical	4Q48	f6ii	4		4Q48	1606700	f6ii	4	1597063				other_material/DSS-Unmapped-Biblical-01.txt	1456240	1940	1996251-1996253	3	1	8de9f0c404c420ace04b61d56948dd742457685cbf0d6c62ec22f41feb2779d9	linguistics/other_material/DSS-Unmapped-Biblical-01-Linguistics.txt	1353918	1490	379b718e63e25a33a0ebf2b0e3d1aa57776d3f91ee260e56d89a8c94814c60ec	NO_LETTER_SLOTS	6	0	0	0	0	2	1	1	3	0	0	0	0
