book	chapter	verse	scroll	scroll_node	letter_reconstruction	word_nodes	sign_slots	letter_slots	reconstructed_letter_slots	uncertain_letter_slots	unmarked_letter_slots	reconstructed_sign_slots	uncertain_sign_slots	missing_sign_slots	empty_sign_slots	vacat_sign_slots	corrected_sign_slots	removed_sign_slots	alternative_sign_slots	file	byte_offset	byte_length	sha256	record_ids
Hab	2	4	4Q82	1606741	PARTLY_RECONSTRUCTED	12	40	35	28	4	3	32	4	0	1	0	0	0	0	passage_status/DSS-Habakkuk-Passage-Status.txt	684	739	b0d1b954c6a586cc3f5dcab491805a900841c776c01b9d29974ef06f62c53b81	L1600674-R001
Hab	1	1	Mur88	1606848	NO_LETTER_SLOTS	4	8	0	0	0	0	5	1	2	4	0	0	0	0	passage_status/DSS-Habakkuk-Passage-Status.txt	1423	720	719c79de23726b3ecb5d962c341702d9f765cef2124d4935c98b397f6e49cb02	L1604955-R001
Hab	1	3	Mur88	1606848	PARTLY_RECONSTRUCTED	17	41	38	10	9	19	12	9	0	1	0	0	0	0	passage_status/DSS-Habakkuk-Passage-Status.txt	2143	754	eed260af5f8598cca7bf9070af71c4f5b30d5ed9a31b09fd30433e851e41d040	L1604956-R001
Hab	1	4	Mur88	1606848	PARTLY_RECONSTRUCTED	22	60	58	32	11	15	32	11	0	1	0	0	0	0	passage_status/DSS-Habakkuk-Passage-Status.txt	2897	782	3e4c68b05262ef61f212dfd3630ce54da8ac3303b6102b0c180c3a54b534c5a4	L1604956-R002,L1604957-R001,L1604958-R001
Hab	1	5	Mur88	1606848	PARTLY_RECONSTRUCTED	18	55	52	28	11	13	31	11	0	1	0	0	0	0	passage_status/DSS-Habakkuk-Passage-Status.txt	3679	766	8651dd370aaa4602e3554d9197429e7be1c610fdd3ee04551e14d876506617a1	L1604958-R002,L1604959-R001
Hab	1	6	Mur88	1606848	PARTLY_RECONSTRUCTED	24	63	59	24	3	32	24	3	0	1	0	0	0	0	passage_status/DSS-Habakkuk-Passage-Status.txt	4445	758	e839b006036b45362305fe664ab0f5a5b184c6ccc5eae058eb79def3825c1a64	L1604959-R002,L1604960-R001
Hab	1	7	Mur88	1606848	PARTLY_RECONSTRUCTED	10	33	28	15	6	7	18	6	0	1	0	0	0	0	passage_status/DSS-Habakkuk-Passage-Status.txt	5203	747	5a33b1d48e2550a97687498bdfa3b0f6b77e6d7ef00e175aaddd71d413af933a	L1604960-R002
Hab	1	8	Mur88	1606848	PARTLY_RECONSTRUCTED	25	71	66	16	18	32	17	18	0	1	0	0	0	0	passage_status/DSS-Habakkuk-Passage-Status.txt	5950	772	1deee12b0e569f32d8b3759584a277538514b36328c5c2923aef15c3a9442edf	L1604961-R001,L1604962-R001
Hab	1	9	Mur88	1606848	PARTLY_RECONSTRUCTED	13	42	37	12	5	20	13	5	0	1	0	0	0	0	passage_status/DSS-Habakkuk-Passage-Status.txt	6722	770	e986dc3f447f2535d1a80b11a3c05508016cb5c0060858da2abb2007f486e5c6	L1604962-R002,L1604963-R001
Hab	1	10	Mur88	1606848	PARTLY_RECONSTRUCTED	20	59	55	16	14	25	17	14	0	1	0	0	0	0	passage_status/DSS-Habakkuk-Passage-Status.txt	7492	774	be473f0a366e80e40c77550cc7b798f9276c3a84029ae291269578160290538a	L1604963-R002,L1604964-R001
Hab	1	11	Mur88	1606848	PARTLY_RECONSTRUCTED	12	31	27	12	4	11	14	4	0	1	0	0	0	0	passage_status/DSS-Habakkuk-Passage-Status.txt	8266	760	9a89b46e4dfa395b541d14a860f54f471c11aa29f909989f76cbd8483dc2f58e	L1604964-R002,L1604965-R001
Hab	1	12	Mur88	1606848	PARTLY_RECONSTRUCTED	20	63	57	29	11	17	33	11	0	1	0	0	0	0	passage_status/DSS-Habakkuk-Passage-Status.txt	9026	774	12f257ed320acd4f40e2a0c6b999c9e09e35024eb867bc5447186364e9278924	L1604965-R002,L1604966-R001
Hab	1	13	Mur88	1606848	PARTLY_RECONSTRUCTED	21	68	65	57	3	5	60	3	0	1	0	0	0	0	passage_status/DSS-Habakkuk-Passage-Status.txt	9800	759	8099e611ee51f5aeb767a64fcd34b535dec1e453abe164e23bb995c970c9b3f0	L1604966-R002,L1604967-R001
Hab	1	14	Mur88	1606848	ALL_LETTER_SLOTS_RECONSTRUCTED	13	29	26	26	0	0	29	0	0	1	0	0	0	0	passage_status/DSS-Habakkuk-Passage-Status.txt	10559	758	39a6e8d1e066263e8c822a2e5d20d7984ec8e871a0d9f9a4f8eb0eaddff3f68a	L1604967-R002,L1604968-R001
Hab	1	15	Mur88	1606848	PARTLY_RECONSTRUCTED	17	55	48	46	1	1	52	1	0	1	0	0	0	0	passage_status/DSS-Habakkuk-Passage-Status.txt	11317	753	552ceeb02d7056bd48a4634a3f9712b3d5cb274cfc5fc65bbd1377fcf79398e0	L1604968-R002,L1604969-R001
Hab	1	16	Mur88	1606848	NO_LETTER_SLOTS	5	10	0	0	0	0	8	0	4	5	0	0	0	0	passage_status/DSS-Habakkuk-Passage-Status.txt	12070	771	948f0ecd3ee0135232343d062b300436f2617075785d57174f5fda73fedd3554	L1604969-R002,L1604970-R001,L1604971-R001,L1604972-R001
Hab	2	2	Mur88	1606848	PARTLY_RECONSTRUCTED	18	54	48	44	2	2	50	2	1	2	0	0	0	0	passage_status/DSS-Habakkuk-Passage-Status.txt	12841	751	cba15afabb380c13a164e3ab690b9ea5d9387ccd4b79f43bea3448d07eb43db1	L1604973-R001,L1604974-R001
Hab	2	3	Mur88	1606848	PARTLY_RECONSTRUCTED	22	57	54	50	2	2	53	2	0	1	0	0	0	0	passage_status/DSS-Habakkuk-Passage-Status.txt	13592	757	03be56726885cdf176add28c3acf7bda02ad554ace71452f7d0416dca0bf16e0	L1604974-R002,L1604975-R001
Hab	2	4	Mur88	1606848	ALL_LETTER_SLOTS_RECONSTRUCTED	12	40	35	35	0	0	40	0	0	1	0	0	0	0	passage_status/DSS-Habakkuk-Passage-Status.txt	14349	756	c1f6f9c3057bd51c87a1ad31cbc3421057674de3f8f514dbef9a96d26287a15e	L1604975-R002,L1604976-R001
Hab	2	5	Mur88	1606848	PARTLY_RECONSTRUCTED	36	96	91	84	6	1	89	6	0	1	0	0	0	0	passage_status/DSS-Habakkuk-Passage-Status.txt	15105	779	40b6e8d38e1a229a128d3261769c8c03fd3c76b1afd674878086f756ebf78284	L1604976-R002,L1604977-R001,L1604978-R001
Hab	2	6	Mur88	1606848	PARTLY_RECONSTRUCTED	25	78	71	57	7	7	62	7	0	1	0	0	0	0	passage_status/DSS-Habakkuk-Passage-Status.txt	15884	773	07f5b8d60415882b923ac7d048290d6142256cd97020124f8a97a8e20a245d58	L1604978-R002,L1604979-R001,L1604980-R001
Hab	2	7	Mur88	1606848	PARTLY_RECONSTRUCTED	14	48	43	35	5	3	39	5	0	1	0	0	0	0	passage_status/DSS-Habakkuk-Passage-Status.txt	16657	763	fed69cfd637fef986459763c7bd759aef632ee6def45880e08802bbdc18c7ca0	L1604980-R002,L1604981-R001
Hab	2	8	Mur88	1606848	PARTLY_RECONSTRUCTED	21	62	58	44	10	4	47	10	0	1	0	0	0	0	passage_status/DSS-Habakkuk-Passage-Status.txt	17420	765	2cc11bd5b706173f01e08c601bfc6b466b087a12f5d3b811e9c3c7931eada0de	L1604981-R002,L1604982-R001
Hab	2	9	Mur88	1606848	PARTLY_RECONSTRUCTED	17	42	38	36	0	2	38	0	0	1	0	0	0	0	passage_status/DSS-Habakkuk-Passage-Status.txt	18185	730	986a87e77f55551c1873cedcf22ce4f42fc92d79ef224870494a4da8ced2baf4	L1604984-R001
Hab	2	10	Mur88	1606848	PARTLY_RECONSTRUCTED	11	37	33	29	2	2	33	2	0	1	0	0	0	0	passage_status/DSS-Habakkuk-Passage-Status.txt	18915	753	3c0ef953f5974d002c150e6f10d4db7a1c4c6b69d319e033a84e1e351b39049e	L1604984-R002,L1604985-R001
Hab	2	11	Mur88	1606848	PARTLY_RECONSTRUCTED	12	31	26	19	3	4	24	3	1	2	0	0	0	0	passage_status/DSS-Habakkuk-Passage-Status.txt	19668	759	bf18a47a21f38d568606eba105051bb68fbee54d710d3e49d72ae820f1f6b890	L1604985-R002,L1604986-R001
Hab	2	18	Mur88	1606848	PARTLY_RECONSTRUCTED	18	63	57	12	13	32	12	13	0	1	0	0	0	0	passage_status/DSS-Habakkuk-Passage-Status.txt	20427	774	45cb017eb3d5d289269eb2dd0c7fe1da604dacb60a871f4e0d5d6833f9ad1309	L1604987-R001,L1604988-R001
Hab	2	19	Mur88	1606848	PARTLY_RECONSTRUCTED	24	68	64	11	22	29	14	22	0	1	0	6	0	0	passage_status/DSS-Habakkuk-Passage-Status.txt	21201	780	a3506d0e5829db3a0cc5ab21a6ae5dab814edbe5bf79a61c5815fdd83fb54254	L1604988-R002,L1604989-R001
Hab	2	20	Mur88	1606848	PARTLY_RECONSTRUCTED	12	31	27	9	7	11	9	7	0	1	0	0	0	0	passage_status/DSS-Habakkuk-Passage-Status.txt	21981	748	62098c54765ffef6698331cb677c6dc9abe5bbb122ec02e5c8bdd31822624150	L1604989-R002
Hab	3	1	Mur88	1606848	PARTLY_RECONSTRUCTED	8	25	23	3	9	11	3	9	0	1	0	0	0	0	passage_status/DSS-Habakkuk-Passage-Status.txt	22729	751	06dfa1cc09781bf36c290c5f2a575e780599f4641babd387c9cdd5e8616fca13	L1604990-R001
Hab	3	2	Mur88	1606848	PARTLY_RECONSTRUCTED	19	69	64	7	15	42	8	15	0	1	0	0	0	0	passage_status/DSS-Habakkuk-Passage-Status.txt	23480	770	725dde7311e697a669073ccbbe762c8bb5e96754b300ddc84102bfb7e26f6358	L1604990-R002,L1604991-R001
Hab	3	3	Mur88	1606848	PARTLY_RECONSTRUCTED	19	57	53	4	10	39	4	10	0	1	0	0	0	0	passage_status/DSS-Habakkuk-Passage-Status.txt	24250	770	22776c74dc1ff36848de09a97d574e3d6de45d21558ff2f1e2427a45542690a9	L1604991-R002,L1604992-R001
Hab	3	4	Mur88	1606848	PARTLY_RECONSTRUCTED	14	39	34	11	6	17	12	7	0	1	0	0	0	0	passage_status/DSS-Habakkuk-Passage-Status.txt	25020	748	89bd38935cfbefe9f810f73130d4faa2cd75f6b593d5f842caf3ba8eb9e6ffc9	L1604993-R001
Hab	3	5	Mur88	1606848	PARTLY_RECONSTRUCTED	10	28	24	2	4	18	5	4	0	1	0	0	0	0	passage_status/DSS-Habakkuk-Passage-Status.txt	25768	762	1304a9625cdf4bd50dd9571b9790ead2866381042e7e086c8b0e010bde39f9c8	L1604993-R002,L1604994-R001
Hab	3	6	Mur88	1606848	PARTLY_RECONSTRUCTED	19	62	59	17	7	35	18	7	0	1	0	0	0	0	passage_status/DSS-Habakkuk-Passage-Status.txt	26530	758	d131c0abaebc54be02cf8ada9ba85947bfd0ebd28baeaf54aa5bb3289b04aaf6	L1604994-R002,L1604995-R001
Hab	3	7	Mur88	1606848	PARTLY_RECONSTRUCTED	10	41	38	8	15	15	8	15	0	1	0	0	0	0	passage_status/DSS-Habakkuk-Passage-Status.txt	27288	754	4c70d6bc8ac7f2f3ee720aecbc139e7cf4d41fea7b518930f7d523fcd7a59766	L1604995-R002
Hab	3	8	Mur88	1606848	PARTLY_RECONSTRUCTED	20	67	61	3	18	40	3	18	0	1	0	0	0	0	passage_status/DSS-Habakkuk-Passage-Status.txt	28042	771	69e06ef3d24415a6c0ae41b7aa360dec6c69746c1d33bf9a505438aa388d0da3	L1604996-R001,L1604997-R001
Hab	3	9	Mur88	1606848	PARTLY_RECONSTRUCTED	11	42	39	5	7	27	5	7	0	1	0	0	0	0	passage_status/DSS-Habakkuk-Passage-Status.txt	28813	756	9c2ccd9e9a1351a67438a38527fbe67ec0ab5d2011de2ce308b6803d4fc63963	L1604997-R002,L1604998-R001
Hab	3	10	Mur88	1606848	PARTLY_RECONSTRUCTED	13	51	46	3	7	36	3	7	0	1	0	0	0	0	passage_status/DSS-Habakkuk-Passage-Status.txt	29569	764	235d47e569526706734956f147be68d64d0bf19314caf22a4c232948913afe20	L1604998-R002,L1604999-R001
Hab	3	11	Mur88	1606848	PARTLY_RECONSTRUCTED	13	44	39	2	4	33	2	4	0	1	0	0	0	0	passage_status/DSS-Habakkuk-Passage-Status.txt	30333	748	60c3ca159b8d66b8512ad8a236e9a393478c4f1a3eec632e061fc48836cb64bc	L1604999-R002
Hab	3	12	Mur88	1606848	PARTLY_RECONSTRUCTED	9	24	22	9	8	5	9	8	0	1	0	0	0	0	passage_status/DSS-Habakkuk-Passage-Status.txt	31081	746	6107c1b57615f300fcc56e170bc174203fc9b6c73387d09337932a5b98782209	L1605000-R001
Hab	3	13	Mur88	1606848	PARTLY_RECONSTRUCTED	19	57	53	14	8	31	14	8	0	1	0	0	0	0	passage_status/DSS-Habakkuk-Passage-Status.txt	31827	772	7854f6918fb6c25bf62ec3d42c64c43f3aa3f01f7ef1f7dd6f6a3e61e9cb4a9e	L1605000-R002,L1605001-R001
Hab	3	14	Mur88	1606848	PARTLY_RECONSTRUCTED	16	56	50	11	13	26	11	14	0	1	0	0	0	0	passage_status/DSS-Habakkuk-Passage-Status.txt	32599	758	f74124dfdaefaa7dfec31fcb2fde479de837c26732cf80950562c8f0bb384196	L1605003-R001
Hab	3	15	Mur88	1606848	PARTLY_RECONSTRUCTED	8	25	22	10	5	7	11	5	0	1	0	0	0	0	passage_status/DSS-Habakkuk-Passage-Status.txt	33357	742	d2c3b63c13e87e1e3839c3ff6644bf2d88674b299217a5ed9a9bc2bb7178933e	L1605004-R001
Hab	3	16	Mur88	1606848	PARTLY_RECONSTRUCTED	26	82	75	33	13	29	33	13	0	1	0	0	0	0	passage_status/DSS-Habakkuk-Passage-Status.txt	34099	768	65100dac9ef907054a7c64798a6c5b84df48d35dbddf9d0f8693031ef47dd70c	L1605004-R002,L1605005-R001
Hab	3	17	Mur88	1606848	PARTLY_RECONSTRUCTED	27	76	74	38	23	13	40	23	0	1	0	0	0	0	passage_status/DSS-Habakkuk-Passage-Status.txt	34867	775	d7a1213d436e7b8d85a636f5c1fd3607738a28e75adbd77ec5e400a5391df799	L1605006-R001,L1605007-R001
Hab	3	18	Mur88	1606848	PARTLY_RECONSTRUCTED	10	32	29	19	4	6	19	4	0	1	0	0	0	0	passage_status/DSS-Habakkuk-Passage-Status.txt	35642	765	64686831d2ee9a425094e20911f741960d09792a5e02cea8e6181acc0a4794f1	L1605007-R002,L1605008-R001
Hab	3	19	Mur88	1606848	PARTLY_RECONSTRUCTED	19	63	53	31	8	14	36	8	1	3	0	0	0	0	passage_status/DSS-Habakkuk-Passage-Status.txt	36407	788	7b0f6c63b0adc98bdfdb2b684d550c1035e1d21d2c2b72fe7d35449fa3cf2036	L1605008-R002,L1605009-R001,L1605012-R001
